Шестерня;;
Нормальный модуль;m;1,25
Число зубьев;z;48
Угол наклона;β;20°00'
Направление линии зуба;—;шевронное
Нормальный исходный контур;—;ГОСТ 13754-81
Коэффициент смещения;x;0
Степень точности;—;не нормируется (3D-печать)
Длина общей нормали;W;24,989 мм
Длина общей нормали с зазором печати;W;24,901 мм
Число зубьев в длине общей нормали;zw;7
Делительный диаметр;d;63,851 мм
Диаметр вершин зубьев;da;66,351 мм
Диаметр впадин;df;60,726 мм
Ширина венца;b;8 мм
Число зубьев сопряжённого колеса;z;24
Межосевое расстояние;aw;47,89 мм
Зазор печати (боковой, на пару);j;0,2 мм
;;
Вторая шестерня;;
Нормальный модуль;m;1,25
Число зубьев;z;24
Угол наклона;β;20°00'
Направление линии зуба;—;шевронное
Нормальный исходный контур;—;ГОСТ 13754-81
Коэффициент смещения;x;0
Степень точности;—;не нормируется (3D-печать)
Длина общей нормали;W;13,417 мм
Длина общей нормали с зазором печати;W;13,329 мм
Число зубьев в длине общей нормали;zw;4
Делительный диаметр;d;31,925 мм
Диаметр вершин зубьев;da;34,425 мм
Диаметр впадин;df;28,8 мм
Ширина венца;b;8 мм
Число зубьев сопряжённого колеса;z;48
Межосевое расстояние;aw;47,89 мм
Зазор печати (боковой, на пару);j;0,2 мм
